<?xml version="1.0" encoding="utf-8" standalone="yes"?>
<rss version="2.0" xmlns:atom="http://www.w3.org/2005/Atom">
  <channel>
    <title>Posts on Mi Sitio con Hugo</title>
    <link>https://jaimeper21.github.io/hugo/posts/</link>
    <description>Recent content in Posts on Mi Sitio con Hugo</description>
    <generator>Hugo</generator>
    <language>es</language>
    <lastBuildDate>Tue, 14 Oct 2025 11:00:00 +0200</lastBuildDate>
    <atom:link href="https://jaimeper21.github.io/hugo/posts/index.xml" rel="self" type="application/rss+xml" />
    <item>
      <title>Aprendiendo Hugo</title>
      <link>https://jaimeper21.github.io/hugo/posts/segunda-entrada/</link>
      <pubDate>Tue, 14 Oct 2025 11:00:00 +0200</pubDate>
      <guid>https://jaimeper21.github.io/hugo/posts/segunda-entrada/</guid>
      <description>&lt;h1 id=&#34;mi-experiencia-con-hugo&#34;&gt;Mi experiencia con Hugo&lt;/h1&gt;&#xA;&lt;p&gt;Después de crear mi primer sitio con Hugo, he descubierto que:&lt;/p&gt;&#xA;&lt;h2 id=&#34;ventajas-de-hugo&#34;&gt;Ventajas de Hugo&lt;/h2&gt;&#xA;&lt;ol&gt;&#xA;&lt;li&gt;&lt;strong&gt;Velocidad&lt;/strong&gt;: Es extremadamente rápido&lt;/li&gt;&#xA;&lt;li&gt;&lt;strong&gt;Simplicidad&lt;/strong&gt;: Usar Markdown es muy fácil&lt;/li&gt;&#xA;&lt;li&gt;&lt;strong&gt;Gratuito&lt;/strong&gt;: GitHub Pages es gratis&lt;/li&gt;&#xA;&lt;/ol&gt;&#xA;&lt;h2 id=&#34;lo-que-más-me-gusta&#34;&gt;Lo que más me gusta&lt;/h2&gt;&#xA;&lt;ul&gt;&#xA;&lt;li&gt;No necesito base de datos&lt;/li&gt;&#xA;&lt;li&gt;Control total del código&lt;/li&gt;&#xA;&lt;li&gt;Fácil de mantener&lt;/li&gt;&#xA;&lt;/ul&gt;&#xA;&lt;p&gt;¡Seguiré explorando sus capacidades!&lt;/p&gt;</description>
    </item>
    <item>
      <title>Mi primera entrada</title>
      <link>https://jaimeper21.github.io/hugo/posts/bienvenida/</link>
      <pubDate>Tue, 14 Oct 2025 10:00:00 +0200</pubDate>
      <guid>https://jaimeper21.github.io/hugo/posts/bienvenida/</guid>
      <description>&lt;h1 id=&#34;hola-mundo&#34;&gt;¡Hola Mundo!&lt;/h1&gt;&#xA;&lt;p&gt;Esta es mi &lt;strong&gt;primera entrada&lt;/strong&gt; en Hugo.&lt;/p&gt;&#xA;&lt;h2 id=&#34;qué-es-hugo&#34;&gt;¿Qué es Hugo?&lt;/h2&gt;&#xA;&lt;p&gt;Hugo es un generador de sitios estáticos:&lt;/p&gt;&#xA;&lt;ul&gt;&#xA;&lt;li&gt;Rápido&lt;/li&gt;&#xA;&lt;li&gt;Fácil de usar&lt;/li&gt;&#xA;&lt;li&gt;Basado en Markdown&lt;/li&gt;&#xA;&lt;/ul&gt;&#xA;&lt;h3 id=&#34;código-de-ejemplo&#34;&gt;Código de ejemplo&lt;/h3&gt;&#xA;&lt;p&gt;Puedes incluir código:&lt;/p&gt;&#xA;&lt;div class=&#34;highlight&#34;&gt;&lt;pre tabindex=&#34;0&#34; style=&#34;color:#f8f8f2;background-color:#272822;-moz-tab-size:4;-o-tab-size:4;tab-size:4;&#34;&gt;&lt;code class=&#34;language-python&#34; data-lang=&#34;python&#34;&gt;&lt;span style=&#34;display:flex;&#34;&gt;&lt;span&gt;&lt;span style=&#34;color:#66d9ef&#34;&gt;def&lt;/span&gt; &lt;span style=&#34;color:#a6e22e&#34;&gt;saludar&lt;/span&gt;():&#xA;&lt;/span&gt;&lt;/span&gt;&lt;span style=&#34;display:flex;&#34;&gt;&lt;span&gt;    print(&lt;span style=&#34;color:#e6db74&#34;&gt;&amp;#34;Hola desde Hugo!&amp;#34;&lt;/span&gt;)&#xA;&lt;/span&gt;&lt;/span&gt;&lt;/code&gt;&lt;/pre&gt;&lt;/div&gt;</description>
    </item>
  </channel>
</rss>
