<?xml version="1.0" encoding="utf-8" standalone="yes"?>
<rss version="2.0" xmlns:atom="http://www.w3.org/2005/Atom">
  <channel>
    <title>Categories on Mi Sitio con Hugo</title>
    <link>https://jaimeper21.github.io/hugo/categories/</link>
    <description>Recent content in Categories on Mi Sitio con Hugo</description>
    <generator>Hugo</generator>
    <language>es</language>
    <atom:link href="https://jaimeper21.github.io/hugo/categories/index.xml" rel="self" type="application/rss+xml" />
  </channel>
</rss>
